userId1,user1,userId2,user2
0,Geralda,23,Bernardo
0,Geralda,70,Honor
0,Geralda,59,Ronen
1,Phedra,77,Stavros
1,Phedra,59,Ronen
1,Phedra,94,Adriena
1,Phedra,71,Theda
1,Phedra,47,Norene
1,Phedra,62,Yolane
1,Phedra,36,Florry
1,Phedra,70,Honor
1,Phedra,28,Vern
2,Dodi,6,Huey
2,Dodi,87,Glenine
2,Dodi,92,Lee
3,Robenia,63,Alphonso
3,Robenia,64,Jordana
3,Robenia,24,Kyrstin
3,Robenia,22,Laurens
3,Robenia,9,Marcel
3,Robenia,28,Vern
4,Clark,40,Jud
4,Clark,69,Berna
4,Clark,14,Shepperd
5,Gwenny,15,Wye
5,Gwenny,23,Bernardo
6,Huey,10,Dorthea
6,Huey,66,Petronella
6,Huey,57,Blanche
6,Huey,53,Reyna
6,Huey,29,Wyatan
6,Huey,64,Jordana
6,Huey,38,Gustie
6,Huey,4,Clark
6,Huey,67,Jenilee
6,Huey,30,Marchelle
7,Jodie,49,Jessika
7,Jodie,26,Angelique
7,Jodie,49,Jessika
7,Jodie,72,Solomon
7,Jodie,99,Loria
8,Elbert,38,Gustie
8,Elbert,32,Aimee
8,Elbert,34,Ree
9,Marcel,50,Prissie
9,Marcel,66,Petronella
9,Marcel,22,Laurens
9,Marcel,41,Brea
9,Marcel,10,Dorthea
9,Marcel,26,Angelique
9,Marcel,20,Crystie
9,Marcel,14,Shepperd
9,Marcel,58,Lynnea
10,Dorthea,70,Honor
10,Dorthea,91,Jordanna
10,Dorthea,46,Stormi
10,Dorthea,75,Celisse
11,Garfinkel,52,Marylin
11,Garfinkel,42,Renato
11,Garfinkel,4,Clark
11,Garfinkel,30,Marchelle
11,Garfinkel,56,Amandy
11,Garfinkel,36,Florry
11,Garfinkel,64,Jordana
11,Garfinkel,14,Shepperd
11,Garfinkel,6,Huey
11,Garfinkel,47,Norene
13,Warden,92,Lee
13,Warden,27,Thorny
14,Shepperd,37,Grata
14,Shepperd,91,Jordanna
14,Shepperd,29,Wyatan
14,Shepperd,47,Norene
14,Shepperd,32,Aimee
16,Nelie,83,Sadie
16,Nelie,63,Alphonso
17,Rod,90,Marris
17,Rod,36,Florry
17,Rod,19,Demetri
17,Rod,95,Danika
18,Ingunna,94,Adriena
19,Demetri,84,Algernon
19,Demetri,41,Brea
19,Demetri,22,Laurens
20,Crystie,74,Sibylle
20,Crystie,4,Clark
20,Crystie,65,Kass
21,Kenny,64,Jordana
21,Kenny,98,Bambi
21,Kenny,99,Loria
21,Kenny,27,Thorny
22,Laurens,25,Jordon
22,Laurens,26,Angelique
22,Laurens,26,Angelique
23,Bernardo,32,Aimee
23,Bernardo,94,Adriena
23,Bernardo,46,Stormi
23,Bernardo,47,Norene
23,Bernardo,64,Jordana
23,Bernardo,29,Wyatan
24,Kyrstin,42,Renato
24,Kyrstin,38,Gustie
25,Jordon,46,Stormi
25,Jordon,97,Mala
25,Jordon,91,Jordanna
25,Jordon,12,Traver
25,Jordon,33,Dianna
25,Jordon,99,Loria
25,Jordon,88,Rob
26,Angelique,98,Bambi
26,Angelique,53,Reyna
27,Thorny,70,Honor
27,Thorny,40,Jud
27,Thorny,33,Dianna
28,Vern,46,Stormi
28,Vern,79,Deva
28,Vern,55,Sergeant
28,Vern,9,Marcel
28,Vern,2,Dodi
28,Vern,12,Traver
28,Vern,52,Marylin
28,Vern,61,Gwenneth
28,Vern,2,Dodi
29,Wyatan,70,Honor
29,Wyatan,84,Algernon
29,Wyatan,40,Jud
29,Wyatan,89,Meredith
29,Wyatan,34,Ree
30,Marchelle,71,Theda
30,Marchelle,24,Kyrstin
30,Marchelle,39,Marcille
30,Marchelle,77,Stavros
30,Marchelle,78,Rodney
30,Marchelle,25,Jordon
30,Marchelle,25,Jordon
30,Marchelle,87,Glenine
30,Marchelle,58,Lynnea
30,Marchelle,89,Meredith
31,Stacia,43,Bartholomew
32,Aimee,54,Audre
33,Dianna,38,Gustie
33,Dianna,75,Celisse
34,Ree,65,Kass
34,Ree,61,Gwenneth
34,Ree,81,Korney
34,Ree,52,Marylin
34,Ree,82,Toni
35,Damien,51,Johannah
35,Damien,99,Loria
37,Grata,14,Shepperd
37,Grata,23,Bernardo
37,Grata,84,Algernon
37,Grata,37,Grata
37,Grata,21,Kenny
38,Gustie,55,Sergeant
38,Gustie,59,Ronen
38,Gustie,34,Ree
39,Marcille,74,Sibylle
39,Marcille,63,Alphonso
39,Marcille,79,Deva
39,Marcille,51,Johannah
39,Marcille,12,Traver
39,Marcille,25,Jordon
39,Marcille,36,Florry
39,Marcille,28,Vern
39,Marcille,18,Ingunna
39,Marcille,32,Aimee
40,Jud,89,Meredith
40,Jud,75,Celisse
40,Jud,96,Hally
40,Jud,44,Ike
40,Jud,84,Algernon
40,Jud,88,Rob
40,Jud,79,Deva
40,Jud,0,Geralda
40,Jud,78,Rodney
41,Brea,37,Grata
41,Brea,69,Berna
41,Brea,63,Alphonso
41,Brea,9,Marcel
41,Brea,76,Eve
41,Brea,84,Algernon
41,Brea,50,Prissie
41,Brea,37,Grata
41,Brea,16,Nelie
42,Renato,40,Jud
42,Renato,12,Traver
42,Renato,76,Eve
42,Renato,82,Toni
42,Renato,2,Dodi
42,Renato,45,Marj
42,Renato,19,Demetri
43,Bartholomew,28,Vern
43,Bartholomew,51,Johannah
43,Bartholomew,56,Amandy
43,Bartholomew,78,Rodney
43,Bartholomew,60,Megan
43,Bartholomew,99,Loria
43,Bartholomew,92,Lee
43,Bartholomew,69,Berna
43,Bartholomew,95,Danika
43,Bartholomew,32,Aimee
44,Ike,25,Jordon
44,Ike,56,Amandy
44,Ike,26,Angelique
44,Ike,84,Algernon
44,Ike,70,Honor
44,Ike,52,Marylin
44,Ike,31,Stacia
44,Ike,54,Audre
44,Ike,62,Yolane
44,Ike,18,Ingunna
46,Stormi,44,Ike
46,Stormi,25,Jordon
46,Stormi,88,Rob
46,Stormi,60,Megan
47,Norene,63,Alphonso
47,Norene,71,Theda
47,Norene,90,Marris
48,Rem,0,Geralda
48,Rem,11,Garfinkel
48,Rem,28,Vern
48,Rem,15,Wye
48,Rem,35,Damien
48,Rem,86,Doralynn
48,Rem,26,Angelique
48,Rem,98,Bambi
48,Rem,69,Berna
48,Rem,70,Honor
49,Jessika,32,Aimee
49,Jessika,79,Deva
50,Prissie,29,Wyatan
50,Prissie,73,Tabbitha
50,Prissie,80,Tailor
50,Prissie,94,Adriena
50,Prissie,98,Bambi
50,Prissie,71,Theda
50,Prissie,98,Bambi
50,Prissie,93,Merv
50,Prissie,2,Dodi
50,Prissie,84,Algernon
51,Johannah,64,Jordana
51,Johannah,35,Damien
51,Johannah,19,Demetri
51,Johannah,2,Dodi
52,Marylin,3,Robenia
52,Marylin,18,Ingunna
52,Marylin,0,Geralda
52,Marylin,85,Harriett
52,Marylin,73,Tabbitha
52,Marylin,2,Dodi
52,Marylin,40,Jud
52,Marylin,86,Doralynn
53,Reyna,63,Alphonso
53,Reyna,99,Loria
53,Reyna,23,Bernardo
53,Reyna,76,Eve
54,Audre,25,Jordon
54,Audre,84,Algernon
54,Audre,33,Dianna
54,Audre,26,Angelique
54,Audre,84,Algernon
54,Audre,41,Brea
54,Audre,23,Bernardo
55,Sergeant,36,Florry
55,Sergeant,99,Loria
57,Blanche,17,Rod
57,Blanche,76,Eve
57,Blanche,21,Kenny
57,Blanche,87,Glenine
57,Blanche,62,Yolane
58,Lynnea,29,Wyatan
59,Ronen,50,Prissie
59,Ronen,15,Wye
59,Ronen,19,Demetri
59,Ronen,90,Marris
59,Ronen,41,Brea
60,Megan,9,Marcel
60,Megan,81,Korney
60,Megan,86,Doralynn
60,Megan,76,Eve
60,Megan,77,Stavros
61,Gwenneth,67,Jenilee
61,Gwenneth,15,Wye
61,Gwenneth,2,Dodi
61,Gwenneth,90,Marris
62,Yolane,2,Dodi
62,Yolane,5,Gwenny
62,Yolane,54,Audre
62,Yolane,49,Jessika
62,Yolane,33,Dianna
63,Alphonso,57,Blanche
63,Alphonso,66,Petronella
63,Alphonso,19,Demetri
63,Alphonso,55,Sergeant
63,Alphonso,60,Megan
64,Jordana,26,Angelique
64,Jordana,51,Johannah
65,Kass,84,Algernon
65,Kass,93,Merv
66,Petronella,83,Sadie
66,Petronella,99,Loria
66,Petronella,62,Yolane
67,Jenilee,25,Jordon
67,Jenilee,92,Lee
67,Jenilee,8,Elbert
67,Jenilee,34,Ree
68,Aldrich,39,Marcille
68,Aldrich,4,Clark
68,Aldrich,24,Kyrstin
68,Aldrich,69,Berna
68,Aldrich,61,Gwenneth
68,Aldrich,73,Tabbitha
68,Aldrich,65,Kass
68,Aldrich,15,Wye
68,Aldrich,8,Elbert
68,Aldrich,49,Jessika
69,Berna,41,Brea
69,Berna,23,Bernardo
69,Berna,50,Prissie
70,Honor,82,Toni
70,Honor,28,Vern
70,Honor,0,Geralda
70,Honor,68,Aldrich
70,Honor,58,Lynnea
70,Honor,42,Renato
70,Honor,10,Dorthea
70,Honor,70,Honor
71,Theda,31,Stacia
71,Theda,27,Thorny
71,Theda,39,Marcille
71,Theda,83,Sadie
71,Theda,73,Tabbitha
71,Theda,95,Danika
72,Solomon,1,Phedra
72,Solomon,42,Renato
72,Solomon,24,Kyrstin
72,Solomon,32,Aimee
72,Solomon,77,Stavros
72,Solomon,0,Geralda
72,Solomon,14,Shepperd
72,Solomon,50,Prissie
72,Solomon,17,Rod
72,Solomon,72,Solomon
73,Tabbitha,56,Amandy
73,Tabbitha,21,Kenny
73,Tabbitha,15,Wye
73,Tabbitha,15,Wye
73,Tabbitha,97,Mala
73,Tabbitha,62,Yolane
73,Tabbitha,87,Glenine
73,Tabbitha,96,Hally
73,Tabbitha,67,Jenilee
73,Tabbitha,62,Yolane
74,Sibylle,88,Rob
74,Sibylle,67,Jenilee
74,Sibylle,70,Honor
74,Sibylle,46,Stormi
74,Sibylle,86,Doralynn
74,Sibylle,36,Florry
74,Sibylle,58,Lynnea
74,Sibylle,97,Mala
74,Sibylle,35,Damien
76,Eve,63,Alphonso
76,Eve,33,Dianna
76,Eve,57,Blanche
76,Eve,7,Jodie
77,Stavros,78,Rodney
77,Stavros,73,Tabbitha
77,Stavros,2,Dodi
78,Rodney,45,Marj
78,Rodney,74,Sibylle
78,Rodney,22,Laurens
78,Rodney,3,Robenia
78,Rodney,48,Rem
78,Rodney,43,Bartholomew
79,Deva,51,Johannah
79,Deva,26,Angelique
79,Deva,30,Marchelle
79,Deva,85,Harriett
79,Deva,7,Jodie
80,Tailor,46,Stormi
81,Korney,5,Gwenny
81,Korney,47,Norene
81,Korney,16,Nelie
81,Korney,11,Garfinkel
81,Korney,57,Blanche
81,Korney,73,Tabbitha
81,Korney,42,Renato
81,Korney,35,Damien
81,Korney,38,Gustie
81,Korney,63,Alphonso
82,Toni,82,Toni
82,Toni,9,Marcel
82,Toni,19,Demetri
83,Sadie,39,Marcille
83,Sadie,29,Wyatan
83,Sadie,91,Jordanna
83,Sadie,84,Algernon
83,Sadie,91,Jordanna
83,Sadie,83,Sadie
83,Sadie,35,Damien
83,Sadie,62,Yolane
83,Sadie,59,Ronen
83,Sadie,1,Phedra
84,Algernon,65,Kass
84,Algernon,81,Korney
84,Algernon,61,Gwenneth
84,Algernon,75,Celisse
84,Algernon,91,Jordanna
84,Algernon,62,Yolane
84,Algernon,73,Tabbitha
84,Algernon,75,Celisse
84,Algernon,89,Meredith
84,Algernon,31,Stacia
85,Harriett,38,Gustie
85,Harriett,41,Brea
85,Harriett,9,Marcel
85,Harriett,8,Elbert
85,Harriett,65,Kass
85,Harriett,37,Grata
85,Harriett,8,Elbert
85,Harriett,48,Rem
86,Doralynn,37,Grata
86,Doralynn,35,Damien
86,Doralynn,8,Elbert
87,Glenine,27,Thorny
87,Glenine,91,Jordanna
87,Glenine,32,Aimee
87,Glenine,58,Lynnea
87,Glenine,21,Kenny
87,Glenine,99,Loria
87,Glenine,93,Merv
87,Glenine,81,Korney
87,Glenine,45,Marj
87,Glenine,37,Grata
88,Rob,37,Grata
88,Rob,71,Theda
88,Rob,31,Stacia
88,Rob,95,Danika
88,Rob,30,Marchelle
88,Rob,84,Algernon
89,Meredith,71,Theda
90,Marris,51,Johannah
90,Marris,57,Blanche
90,Marris,5,Gwenny
91,Jordanna,59,Ronen
91,Jordanna,59,Ronen
91,Jordanna,44,Ike
91,Jordanna,50,Prissie
92,Lee,43,Bartholomew
92,Lee,37,Grata
92,Lee,85,Harriett
92,Lee,35,Damien
92,Lee,2,Dodi
93,Merv,83,Sadie
93,Merv,76,Eve
93,Merv,48,Rem
93,Merv,47,Norene
93,Merv,88,Rob
93,Merv,20,Crystie
94,Adriena,42,Renato
94,Adriena,13,Warden
94,Adriena,40,Jud
94,Adriena,27,Thorny
96,Hally,23,Bernardo
96,Hally,74,Sibylle
96,Hally,77,Stavros
96,Hally,14,Shepperd
96,Hally,46,Stormi
96,Hally,4,Clark
96,Hally,52,Marylin
96,Hally,97,Mala
97,Mala,20,Crystie
97,Mala,73,Tabbitha
97,Mala,28,Vern
97,Mala,51,Johannah
97,Mala,54,Audre
97,Mala,70,Honor
97,Mala,99,Loria
98,Bambi,24,Kyrstin
98,Bambi,44,Ike
99,Loria,11,Garfinkel
