userId,name
0,Geralda
1,Phedra
2,Dodi
3,Robenia
4,Clark
5,Gwenny
6,Huey
7,Jodie
8,Elbert
9,Marcel
10,Dorthea
11,Garfinkel
12,Traver
13,Warden
14,Shepperd
15,Wye
16,Nelie
17,Rod
18,Ingunna
19,Demetri
20,Crystie
21,Kenny
22,Laurens
23,Bernardo
24,Kyrstin
25,Jordon
26,Angelique
27,Thorny
28,Vern
29,Wyatan
30,Marchelle
31,Stacia
32,Aimee
33,Dianna
34,Ree
35,Damien
36,Florry
37,Grata
38,Gustie
39,Marcille
40,Jud
41,Brea
42,Renato
43,Bartholomew
44,Ike
45,Marj
46,Stormi
47,Norene
48,Rem
49,Jessika
50,Prissie
51,Johannah
52,Marylin
53,Reyna
54,Audre
55,Sergeant
56,Amandy
57,Blanche
58,Lynnea
59,Ronen
60,Megan
61,Gwenneth
62,Yolane
63,Alphonso
64,Jordana
65,Kass
66,Petronella
67,Jenilee
68,Aldrich
69,Berna
70,Honor
71,Theda
72,Solomon
73,Tabbitha
74,Sibylle
75,Celisse
76,Eve
77,Stavros
78,Rodney
79,Deva
80,Tailor
81,Korney
82,Toni
83,Sadie
84,Algernon
85,Harriett
86,Doralynn
87,Glenine
88,Rob
89,Meredith
90,Marris
91,Jordanna
92,Lee
93,Merv
94,Adriena
95,Danika
96,Hally
97,Mala
98,Bambi
99,Loria
